{"epoch": 990, "train_acc": 97.42857142857143, "test_acc": 97.66666666666667, "loss": 0.014760090969502926, "_timestamp": 1680558806.149394, "_runtime": 360.5617971420288, "_step": 100, "parameters/lin1.weight": {"_type": "histogram", "values": [1.0, 0.0, 0.0, 0.0, 0.0, 0.0, 0.0, 1.0, 8.0, 11.0, 19.0, 15.0, 11.0, 9.0, 12.0, 17.0, 11.0, 8.0, 10.0, 11.0, 7.0, 14.0, 9.0, 18.0, 10.0, 10.0, 27.0, 45.0, 83.0, 142.0, 163.0, 198.0, 228.0, 815.0, 1474.0, 1498.0, 1517.0, 1345.0, 298.0, 247.0, 259.0, 212.0, 127.0, 70.0, 34.0, 17.0, 10.0, 8.0, 16.0, 13.0, 14.0, 14.0, 11.0, 15.0, 10.0, 7.0, 11.0, 7.0, 5.0, 9.0, 9.0, 20.0, 18.0, 8.0], "bins": [-1.6686906814575195, -1.6220481395721436, -1.5754055976867676, -1.5287630558013916, -1.4821205139160156, -1.43547785282135, -1.3888353109359741, -1.3421927690505981, -1.2955502271652222, -1.2489076852798462, -1.2022651433944702, -1.1556226015090942, -1.1089799404144287, -1.0623373985290527, -1.0156948566436768, -0.9690523147583008, -0.9224097728729248, -0.8757672309875488, -0.8291246891021729, -0.7824820876121521, -0.7358395457267761, -0.6891970038414001, -0.6425544023513794, -0.5959118604660034, -0.5492693185806274, -0.5026267766952515, -0.4559842050075531, -0.40934163331985474, -0.36269909143447876, -0.3160565495491028, -0.2694139778614044, -0.22277142107486725, -0.17612898349761963, -0.12948642671108246, -0.08284386992454529, -0.03620131313800812, 0.010441243648529053, 0.05708380043506622, 0.1037263572216034, 0.15036891400814056, 0.19701147079467773, 0.2436540275812149, 0.2902965843677521, 0.33693915605545044, 0.3835816979408264, 0.4302242398262024, 0.47686681151390076, 0.5235093832015991, 0.5701519250869751, 0.6167944669723511, 0.663437008857727, 0.7100796103477478, 0.7567221522331238, 0.8033646941184998, 0.8500072956085205, 0.8966498374938965, 0.9432923793792725, 0.9899349212646484, 1.0365774631500244, 1.0832200050354004, 1.1298625469207764, 1.176505208015442, 1.2231477499008179, 1.2697902917861938, 1.3164328336715698]}, "parameters/lin1.bias": {"_type": "histogram", "values": [1.0, 4.0, 1.0, 1.0, 2.0, 0.0, 0.0, 2.0, 2.0, 0.0, 0.0, 2.0, 1.0, 3.0, 2.0, 0.0, 0.0, 0.0, 1.0, 0.0, 0.0, 0.0, 0.0, 4.0, 0.0, 2.0, 5.0, 2.0, 2.0, 2.0, 1.0, 2.0, 0.0, 3.0, 2.0, 2.0, 3.0, 3.0, 1.0, 3.0, 6.0, 0.0, 0.0, 0.0, 0.0, 1.0, 0.0, 2.0, 0.0, 3.0, 1.0, 1.0, 1.0, 3.0, 4.0, 3.0, 2.0, 2.0, 0.0, 3.0, 0.0, 1.0, 1.0, 3.0], "bins": [-0.38576290011405945, -0.3738787770271301, -0.3619946837425232, -0.35011056065559387, -0.33822646737098694, -0.3263423442840576, -0.3144582509994507, -0.30257412791252136, -0.29069000482559204, -0.2788058817386627, -0.2669217884540558, -0.25503766536712646, -0.24315357208251953, -0.2312694489955902, -0.21938534080982208, -0.20750123262405396, -0.19561713933944702, -0.1837330311536789, -0.17184892296791077, -0.15996481478214264, -0.1480807065963745, -0.1361965835094452, -0.12431247532367706, -0.11242836713790894, -0.10054425895214081, -0.08866015076637268, -0.07677604258060455, -0.06489192694425583, -0.0530078187584877, -0.041123710572719574, -0.029239598661661148, -0.01735548861324787, -0.005471378564834595, 0.006412731483578682, 0.01829684153199196, 0.030180951580405235, 0.04206506162881851, 0.05394916981458664, 0.06583328545093536, 0.07771739363670349, 0.08960150182247162, 0.10148561000823975, 0.11336971819400787, 0.125253826379776, 0.13713794946670532, 0.14902205765247345, 0.16090616583824158, 0.1727902740240097, 0.18467438220977783, 0.19655849039554596, 0.2084425985813141, 0.22032670676708221, 0.23221081495285034, 0.24409493803977966, 0.2559790313243866, 0.2678631544113159, 0.27974724769592285, 0.2916313707828522, 0.3035154640674591, 0.3153995871543884, 0.32728368043899536, 0.3391678035259247, 0.3510518968105316, 0.36293601989746094, 0.37482014298439026]}, "parameters/lin2.weight": {"_type": "histogram", "values": [1.0, 0.0, 0.0, 2.0, 0.0, 1.0, 0.0, 0.0, 0.0, 1.0, 1.0, 0.0, 2.0, 0.0, 1.0, 0.0, 2.0, 2.0, 1.0, 2.0, 2.0, 1.0, 1.0, 2.0, 0.0, 3.0, 1.0, 0.0, 3.0, 0.0, 0.0, 1.0, 5.0, 10.0, 3.0, 8.0, 8.0, 3.0, 7.0, 0.0, 0.0, 1.0, 2.0, 3.0, 0.0, 2.0, 3.0, 2.0, 2.0, 2.0, 1.0, 1.0, 0.0, 0.0, 1.0, 1.0, 0.0, 0.0, 0.0, 0.0, 0.0, 0.0, 0.0, 1.0], "bins": [-0.9714276194572449, -0.9441661238670349, -0.916904628276825, -0.889643132686615, -0.862381637096405, -0.8351201415061951, -0.8078586459159851, -0.7805971503257751, -0.7533356547355652, -0.7260741591453552, -0.6988126635551453, -0.6715511679649353, -0.6442896723747253, -0.6170281767845154, -0.5897666811943054, -0.5625051856040955, -0.5352437496185303, -0.5079822540283203, -0.48072075843811035, -0.4534592628479004, -0.42619776725769043, -0.39893627166748047, -0.3716747760772705, -0.34441328048706055, -0.3171517848968506, -0.2898902893066406, -0.26262879371643066, -0.2353672981262207, -0.20810580253601074, -0.18084432184696198, -0.15358282625675201, -0.12632133066654205, -0.0990598201751709, -0.07179832458496094, -0.044536832720041275, -0.017275338992476463, 0.009986154735088348, 0.03724765032529831, 0.06450913846492767, 0.09177063405513763, 0.1190321296453476, 0.14629362523555756, 0.17355512082576752, 0.20081661641597748, 0.22807809710502625, 0.2553395926952362, 0.28260108828544617, 0.30986258387565613, 0.3371240794658661, 0.36438557505607605, 0.391647070646286, 0.41890856623649597, 0.44617006182670593, 0.4734315574169159, 0.5006930232048035, 0.5279545187950134, 0.5552160143852234, 0.5824775099754333, 0.6097390055656433, 0.6370005011558533, 0.6642619967460632, 0.6915234923362732, 0.7187849879264832, 0.7460464835166931, 0.7733079791069031]}, "parameters/lin2.bias": {"_type": "histogram", "values": [0.0, 0.0, 0.0, 0.0, 0.0, 0.0, 0.0, 0.0, 0.0, 0.0, 0.0, 0.0, 0.0, 0.0, 0.0, 0.0, 0.0, 0.0, 0.0, 0.0, 0.0, 0.0, 0.0, 0.0, 0.0, 0.0, 0.0, 0.0, 0.0, 0.0, 0.0, 0.0, 1.0, 0.0, 0.0, 0.0, 0.0, 0.0, 0.0, 0.0, 0.0, 0.0, 0.0, 0.0, 0.0, 0.0, 0.0, 0.0, 0.0, 0.0, 0.0, 0.0, 0.0, 0.0, 0.0, 0.0, 0.0, 0.0, 0.0, 0.0, 0.0, 0.0, 0.0, 0.0], "bins": [-0.2132236361503601, -0.2132236361503601, -0.2132236361503601, -0.2132236361503601, -0.2132236361503601, -0.2132236361503601, -0.2132236361503601, -0.2132236361503601, -0.2132236361503601, -0.2132236361503601, -0.2132236361503601, -0.2132236361503601, -0.2132236361503601, -0.2132236361503601, -0.2132236361503601, -0.2132236361503601, -0.2132236361503601, -0.2132236361503601, -0.2132236361503601, -0.2132236361503601, -0.2132236361503601, -0.2132236361503601, -0.2132236361503601, -0.2132236361503601, -0.2132236361503601, -0.2132236361503601, -0.2132236361503601, -0.2132236361503601, -0.2132236361503601, -0.2132236361503601, -0.2132236361503601, -0.2132236361503601, -0.2132236361503601, -0.2132236361503601, -0.2132236361503601, -0.2132236361503601, -0.2132236361503601, -0.2132236361503601, -0.2132236361503601, -0.2132236361503601, -0.2132236361503601, -0.2132236361503601, -0.2132236361503601, -0.2132236361503601, -0.2132236361503601, -0.2132236361503601, -0.2132236361503601, -0.2132236361503601, -0.2132236361503601, -0.2132236361503601, -0.2132236361503601, -0.2132236361503601, -0.2132236361503601, -0.2132236361503601, -0.2132236361503601, -0.2132236361503601, -0.2132236361503601, -0.2132236361503601, -0.2132236361503601, -0.2132236361503601, -0.2132236361503601, -0.2132236361503601, -0.2132236361503601, -0.2132236361503601, -0.2132236361503601]}, "gradients/lin2.bias": {"_type": "histogram", "values": [0.0, 0.0, 0.0, 0.0, 0.0, 0.0, 0.0, 0.0, 0.0, 0.0, 0.0, 0.0, 0.0, 0.0, 0.0, 0.0, 0.0, 0.0, 0.0, 0.0, 0.0, 0.0, 0.0, 0.0, 0.0, 0.0, 0.0, 0.0, 0.0, 0.0, 0.0, 0.0, 1.0, 0.0, 0.0, 0.0, 0.0, 0.0, 0.0, 0.0, 0.0, 0.0, 0.0, 0.0, 0.0, 0.0, 0.0, 0.0, 0.0, 0.0, 0.0, 0.0, 0.0, 0.0, 0.0, 0.0, 0.0, 0.0, 0.0, 0.0, 0.0, 0.0, 0.0, 0.0],