{"epoch": 990, "train_acc": 97.14285714285714, "test_acc": 97.0, "loss": 0.0694386437535286, "_timestamp": 1680557109.438835, "_runtime": 179.0930278301239, "_step": 100, "parameters/lin1.weight": {"_type": "histogram", "values": [3.0, 0.0, 1.0, 0.0, 3.0, 5.0, 3.0, 5.0, 3.0, 4.0, 1.0, 3.0, 1.0, 1.0, 4.0, 14.0, 45.0, 65.0, 58.0, 48.0, 36.0, 471.0, 526.0, 452.0, 300.0, 40.0, 39.0, 38.0, 42.0, 16.0, 4.0, 4.0, 2.0, 5.0, 3.0, 2.0, 3.0, 1.0, 6.0, 5.0, 6.0, 3.0, 1.0, 3.0, 2.0, 4.0, 4.0, 4.0, 6.0, 1.0, 1.0, 1.0, 2.0, 0.0, 0.0, 1.0, 0.0, 0.0, 0.0, 1.0, 0.0, 1.0, 0.0, 1.0], "bins": [-1.8849188089370728, -1.802604079246521, -1.7202894687652588, -1.637974739074707, -1.5556600093841553, -1.4733452796936035, -1.3910305500030518, -1.3087159395217896, -1.2264012098312378, -1.144086480140686, -1.0617718696594238, -0.9794571399688721, -0.8971424102783203, -0.8148276805877686, -0.7325130105018616, -0.6501983404159546, -0.5678836107254028, -0.48556891083717346, -0.4032542109489441, -0.3209395110607147, -0.23862481117248535, -0.15631011128425598, -0.07399541139602661, 0.008319288492202759, 0.09063398838043213, 0.1729486882686615, 0.25526338815689087, 0.33757808804512024, 0.4198927879333496, 0.5022075176239014, 0.5845221877098083, 0.6668368577957153, 0.7491517066955566, 0.8314664363861084, 0.9137811064720154, 0.9960957765579224, 1.0784105062484741, 1.1607252359390259, 1.243039846420288, 1.3253545761108398, 1.4076693058013916, 1.4899840354919434, 1.5722987651824951, 1.6546133756637573, 1.736928105354309, 1.8192428350448608, 1.901557445526123, 1.9838721752166748, 2.0661869049072266, 2.1485016345977783, 2.23081636428833, 2.313131093978882, 2.3954458236694336, 2.4777603149414062, 2.560075044631958, 2.6423897743225098, 2.7247045040130615, 2.8070192337036133, 2.889333963394165, 2.971648693084717, 3.0539631843566895, 3.136277914047241, 3.218592643737793, 3.3009073734283447, 3.3832221031188965]}, "parameters/lin1.bias": {"_type": "histogram", "values": [2.0, 1.0, 2.0, 0.0, 0.0, 0.0, 1.0, 2.0, 0.0, 1.0, 1.0, 0.0, 1.0, 1.0, 0.0, 0.0, 0.0, 0.0, 0.0, 0.0, 0.0, 0.0, 0.0, 0.0, 1.0, 2.0, 0.0, 0.0, 2.0, 3.0, 3.0, 2.0, 3.0, 3.0, 0.0, 3.0, 1.0, 1.0, 3.0, 2.0, 0.0, 0.0, 0.0, 0.0, 0.0, 0.0, 0.0, 0.0, 1.0, 0.0, 0.0, 0.0, 0.0, 0.0, 0.0, 1.0, 1.0, 2.0, 0.0, 0.0, 0.0, 1.0, 0.0, 1.0], "bins": [-0.5945783853530884, -0.5763176083564758, -0.5580568313598633, -0.5397960543632507, -0.5215352773666382, -0.5032745003700256, -0.4850137233734131, -0.46675294637680054, -0.448492169380188, -0.43023139238357544, -0.4119706153869629, -0.39370983839035034, -0.3754490613937378, -0.35718828439712524, -0.3389275074005127, -0.32066673040390015, -0.3024059534072876, -0.28414517641067505, -0.2658843994140625, -0.24762362241744995, -0.2293628454208374, -0.21110206842422485, -0.1928412914276123, -0.17458051443099976, -0.1563197374343872, -0.13805896043777466, -0.11979818344116211, -0.10153740644454956, -0.08327662944793701, -0.06501585245132446, -0.046755075454711914, -0.028494298458099365, -0.010233461856842041, 0.008027315139770508, 0.026288092136383057, 0.044548869132995605, 0.06280964612960815, 0.0810704231262207, 0.09933120012283325, 0.1175919771194458, 0.13585275411605835, 0.1541135311126709, 0.17237430810928345, 0.190635085105896, 0.20889586210250854, 0.2271566390991211, 0.24541741609573364, 0.2636781930923462, 0.28193897008895874, 0.3001997470855713, 0.31846052408218384, 0.3367213010787964, 0.35498207807540894, 0.3732428550720215, 0.39150363206863403, 0.4097644090652466, 0.42802518606185913, 0.4462859630584717, 0.46454674005508423, 0.4828075170516968, 0.5010682940483093, 0.5193290710449219, 0.5375898480415344, 0.555850625038147, 0.5741114020347595]}, "parameters/lin2.weight": {"_type": "histogram", "values": [1.0, 0.0, 0.0, 0.0, 0.0, 0.0, 0.0, 0.0, 0.0, 0.0, 0.0, 0.0, 0.0, 0.0, 0.0, 1.0, 0.0, 0.0, 2.0, 0.0, 0.0, 1.0, 0.0, 2.0, 0.0, 7.0, 6.0, 8.0, 6.0, 2.0, 0.0, 0.0, 1.0, 0.0, 0.0, 2.0, 0.0, 0.0, 0.0, 1.0, 0.0, 0.0, 1.0, 1.0, 1.0, 0.0, 1.0, 0.0, 1.0, 0.0, 1.0, 0.0, 0.0, 1.0, 0.0, 0.0, 0.0, 0.0, 0.0, 0.0, 0.0, 0.0, 0.0, 1.0], "bins": [-1.8460761308670044, -1.777828335762024, -1.709580421447754, -1.6413326263427734, -1.573084831237793, -1.5048370361328125, -1.436589241027832, -1.368341326713562, -1.3000935316085815, -1.231845736503601, -1.163597822189331, -1.0953500270843506, -1.0271022319793701, -0.9588544368743896, -0.8906065821647644, -0.8223587274551392, -0.7541109323501587, -0.6858631372451782, -0.617615282535553, -0.5493674278259277, -0.48111963272094727, -0.4128718078136444, -0.34462398290634155, -0.2763761579990387, -0.20812833309173584, -0.13988050818443298, -0.07163268327713013, -0.0033848583698272705, 0.06486296653747559, 0.13311079144477844, 0.2013586163520813, 0.26960644125938416, 0.33785438537597656, 0.4061022102832794, 0.4743500351905823, 0.5425978899002075, 0.610845685005188, 0.6790934801101685, 0.7473413348197937, 0.815589189529419, 0.8838369846343994, 0.9520847797393799, 1.0203325748443604, 1.0885804891586304, 1.1568282842636108, 1.2250760793685913, 1.2933239936828613, 1.3615717887878418, 1.4298195838928223, 1.4980673789978027, 1.5663151741027832, 1.6345630884170532, 1.7028108835220337, 1.7710586786270142, 1.8393065929412842, 1.9075543880462646, 1.9758021831512451, 2.0440499782562256, 2.112297773361206, 2.1805455684661865, 2.248793601989746, 2.3170413970947266, 2.385289192199707, 2.4535369873046875, 2.521784782409668]}, "parameters/lin2.bias": {"_type": "histogram", "values": [0.0, 0.0, 0.0, 0.0, 0.0, 0.0, 0.0, 0.0, 0.0, 0.0, 0.0, 0.0, 0.0, 0.0, 0.0, 0.0, 0.0, 0.0, 0.0, 0.0, 0.0, 0.0, 0.0, 0.0, 0.0, 0.0, 0.0, 0.0, 0.0, 0.0, 0.0, 0.0, 1.0, 0.0, 0.0, 0.0, 0.0, 0.0, 0.0, 0.0, 0.0, 0.0, 0.0, 0.0, 0.0, 0.0, 0.0, 0.0, 0.0, 0.0, 0.0, 0.0, 0.0, 0.0, 0.0, 0.0, 0.0, 0.0, 0.0, 0.0, 0.0, 0.0, 0.0, 0.0], "bins": [-0.40798816084861755, -0.40798816084861755, -0.40798816084861755, -0.40798816084861755, -0.40798816084861755, -0.40798816084861755, -0.40798816084861755, -0.40798816084861755, -0.40798816084861755, -0.40798816084861755, -0.40798816084861755, -0.40798816084861755, -0.40798816084861755, -0.40798816084861755, -0.40798816084861755, -0.40798816084861755, -0.40798816084861755, -0.40798816084861755, -0.40798816084861755, -0.40798816084861755, -0.40798816084861755, -0.40798816084861755, -0.40798816084861755, -0.40798816084861755, -0.40798816084861755, -0.40798816084861755, -0.40798816084861755, -0.40798816084861755, -0.40798816084861755, -0.40798816084861755, -0.40798816084861755, -0.40798816084861755, -0.40798816084861755, -0.40798816084861755, -0.40798816084861755, -0.40798816084861755, -0.40798816084861755, -0.40798816084861755, -0.40798816084861755, -0.40798816084861755, -0.40798816084861755, -0.40798816084861755, -0.40798816084861755, -0.40798816084861755, -0.40798816084861755, -0.40798816084861755, -0.40798816084861755, -0.40798816084861755, -0.40798816084861755, -0.40798816084861755, -0.40798816084861755, -0.40798816084861755, -0.40798816084861755, -0.40798816084861755, -0.40798816084861755, -0.40798816084861755, -0.40798816084861755, -0.40798816084861755, -0.40798816084861755, -0.40798816084861755, -0.40798816084861755, -0.40798816084861755, -0.40798816084861755, -0.40798816084861755, -0.40798816084861755]}, "gradients/lin2.bias": {"_type": "histogram", "values": [0.0, 0.0, 0.0, 0.0, 0.0, 0.0, 0.0, 0.0, 0.0, 0.0, 0.0, 0.0, 0.0, 0.0, 0.0, 0.0, 0.0, 0.0, 0.0, 0.0, 0.0, 0.0, 0.0, 0.0, 0.0, 0.0, 0.0, 0.0, 0.0, 0.0, 0.0, 0.0, 1.0, 0.0, 0.0, 0.0, 0.0, 0.0, 0.0, 0.0, 0.0, 0.0, 0.0, 0.0, 0.0, 0.0, 0.0, 0.0, 0.0, 0.0, 0.0, 0.0, 0.0, 0.0, 0.0, 0.0, 0.0, 0.0, 0.0, 0.0, 0.0, 0.0, 0.0, 0.0],