{"epoch": 710, "train_acc": 100.0, "test_acc": 94.33333333333334, "loss": 0.0036687857937067747, "_timestamp": 1680559364.2072508, "_runtime": 523.2693688869476, "_step": 71, "parameters/lin1.weight": {"_type": "histogram", "values": [2.0, 1.0, 1.0, 2.0, 0.0, 0.0, 2.0, 0.0, 2.0, 1.0, 1.0, 2.0, 1.0, 2.0, 4.0, 14.0, 7.0, 17.0, 10.0, 32.0, 42.0, 44.0, 53.0, 64.0, 68.0, 97.0, 99.0, 133.0, 127.0, 174.0, 235.0, 327.0, 485.0, 926.0, 1866.0, 3772.0, 13651.0, 15347.0, 12011.0, 3400.0, 1675.0, 844.0, 527.0, 373.0, 259.0, 156.0, 138.0, 113.0, 90.0, 74.0, 69.0, 44.0, 45.0, 35.0, 26.0, 25.0, 27.0, 14.0, 17.0, 9.0, 8.0, 6.0, 3.0, 1.0], "bins": [-1.856021761894226, -1.8065460920333862, -1.7570704221725464, -1.7075947523117065, -1.6581192016601562, -1.6086435317993164, -1.5591678619384766, -1.5096921920776367, -1.4602165222167969, -1.410740852355957, -1.3612651824951172, -1.3117895126342773, -1.2623138427734375, -1.2128382921218872, -1.1633626222610474, -1.1138869524002075, -1.0644112825393677, -1.0149356126785278, -0.965459942817688, -0.9159843325614929, -0.8665086627006531, -0.8170329928398132, -0.7675573825836182, -0.7180817127227783, -0.6686060428619385, -0.6191303730010986, -0.5696547031402588, -0.5201790928840637, -0.4707034230232239, -0.42122775316238403, -0.3717521131038666, -0.3222764730453491, -0.2728006839752197, -0.22332502901554108, -0.17384937405586243, -0.12437371909618378, -0.07489806413650513, -0.025422409176826477, 0.024053245782852173, 0.07352890074253082, 0.12300455570220947, 0.17248021066188812, 0.22195586562156677, 0.27143150568008423, 0.3209071755409241, 0.3703828454017639, 0.41985848546028137, 0.46933412551879883, 0.5188097953796387, 0.5682854652404785, 0.6177611351013184, 0.6672367453575134, 0.7167124152183533, 0.7661880850791931, 0.8156636953353882, 0.865139365196228, 0.9146150350570679, 0.9640907049179077, 1.0135663747787476, 1.0630420446395874, 1.1125175952911377, 1.1619932651519775, 1.2114689350128174, 1.2609446048736572, 1.310420274734497]}, "parameters/lin1.bias": {"_type": "histogram", "values": [2.0, 1.0, 5.0, 1.0, 0.0, 1.0, 0.0, 1.0, 2.0, 3.0, 2.0, 5.0, 4.0, 5.0, 3.0, 2.0, 7.0, 3.0, 5.0, 10.0, 10.0, 9.0, 6.0, 6.0, 5.0, 9.0, 7.0, 5.0, 7.0, 4.0, 6.0, 7.0, 7.0, 6.0, 4.0, 5.0, 4.0, 5.0, 4.0, 4.0, 7.0, 2.0, 6.0, 4.0, 1.0, 4.0, 2.0, 5.0, 4.0, 6.0, 6.0, 2.0, 2.0, 1.0, 0.0, 1.0, 2.0, 0.0, 0.0, 1.0, 0.0, 0.0, 1.0, 1.0], "bins": [-0.1632358878850937, -0.15773054957389832, -0.15222519636154175, -0.14671985805034637, -0.141214519739151, -0.13570916652679443, -0.13020382821559906, -0.12469848990440369, -0.11919314414262772, -0.11368779838085175, -0.10818246006965637, -0.1026771143078804, -0.09717176854610443, -0.09166643023490906, -0.08616108447313309, -0.08065574616193771, -0.07515040040016174, -0.06964505463838577, -0.0641397163271904, -0.05863437056541443, -0.05312902852892876, -0.047623686492443085, -0.042118340730667114, -0.03661299869418144, -0.03110765665769577, -0.0256023146212101, -0.020096970722079277, -0.01459162775427103, -0.009086284786462784, -0.003580941818654537, 0.0019244011491537094, 0.007429744116961956, 0.012935072183609009, 0.01844041422009468, 0.023945758119225502, 0.029451102018356323, 0.034956444054841995, 0.04046178609132767, 0.04596713185310364, 0.05147247388958931, 0.05697781592607498, 0.062483157962560654, 0.06798849999904633, 0.0734938457608223, 0.07899919152259827, 0.08450452983379364, 0.09000987559556961, 0.09551521390676498, 0.10102055966854095, 0.10652590543031693, 0.1120312437415123, 0.11753658950328827, 0.12304192781448364, 0.1285472810268402, 0.13405261933803558, 0.13955795764923096, 0.14506331086158752, 0.1505686491727829, 0.15607400238513947, 0.16157934069633484, 0.1670846790075302, 0.17259003221988678, 0.17809537053108215, 0.18360070884227753, 0.1891060471534729]}, "parameters/lin2.weight": {"_type": "histogram", "values": [1.0, 0.0, 0.0, 0.0, 0.0, 0.0, 0.0, 0.0, 0.0, 0.0, 0.0, 1.0, 0.0, 0.0, 0.0, 1.0, 2.0, 0.0, 1.0, 0.0, 2.0, 1.0, 2.0, 1.0, 1.0, 6.0, 3.0, 2.0, 5.0, 7.0, 3.0, 8.0, 6.0, 22.0, 28.0, 25.0, 23.0, 23.0, 10.0, 5.0, 7.0, 2.0, 6.0, 6.0, 4.0, 0.0, 6.0, 5.0, 2.0, 4.0, 3.0, 0.0, 1.0, 2.0, 0.0, 2.0, 0.0, 0.0, 0.0, 0.0, 0.0, 0.0, 0.0, 1.0], "bins": [-0.8352642059326172, -0.8120049834251404, -0.7887457013130188, -0.765486478805542, -0.7422271966934204, -0.7189679741859436, -0.6957087516784668, -0.6724494695663452, -0.6491902470588684, -0.6259310245513916, -0.60267174243927, -0.5794125199317932, -0.5561532974243164, -0.5328940153121948, -0.509634792804718, -0.4863755404949188, -0.46311628818511963, -0.43985703587532043, -0.41659778356552124, -0.39333856105804443, -0.37007930874824524, -0.34682005643844604, -0.32356083393096924, -0.30030158162117004, -0.27704232931137085, -0.25378307700157166, -0.23052383959293365, -0.20726460218429565, -0.18400534987449646, -0.16074609756469727, -0.13748686015605927, -0.11422761529684067, -0.0909683108329773, -0.0677090659737587, -0.0444498211145401, -0.021190576255321503, 0.0020686686038970947, 0.025327913463115692, 0.04858715832233429, 0.07184640318155289, 0.09510564804077148, 0.11836489289999008, 0.14162413775920868, 0.16488337516784668, 0.18814262747764587, 0.21140187978744507, 0.23466111719608307, 0.25792035460472107, 0.28117960691452026, 0.30443885922431946, 0.32769811153411865, 0.35095733404159546, 0.37421658635139465, 0.39747583866119385, 0.42073506116867065, 0.44399431347846985, 0.46725356578826904, 0.49051281809806824, 0.5137720704078674, 0.5370312929153442, 0.5602905750274658, 0.5835497975349426, 0.6068090200424194, 0.630068302154541, 0.6533275246620178]}, "parameters/lin2.bias": {"_type": "histogram", "values": [0.0, 0.0, 0.0, 0.0, 0.0, 0.0, 0.0, 0.0, 0.0, 0.0, 0.0, 0.0, 0.0, 0.0, 0.0, 0.0, 0.0, 0.0, 0.0, 0.0, 0.0, 0.0, 0.0, 0.0, 0.0, 0.0, 0.0, 0.0, 0.0, 0.0, 0.0, 1.0, 0.0, 0.0, 0.0, 0.0, 0.0, 0.0, 0.0, 0.0, 0.0, 0.0, 0.0, 0.0, 0.0, 0.0, 0.0, 0.0, 0.0, 0.0, 0.0, 0.0, 0.0, 0.0, 0.0, 0.0, 0.0, 0.0, 0.0, 0.0, 0.0, 0.0, 0.0, 0.0], "bins": [-0.08668248355388641, -0.08668248355388641, -0.08668248355388641, -0.08668248355388641, -0.08668248355388641, -0.08668248355388641, -0.08668248355388641, -0.08668248355388641, -0.08668248355388641, -0.08668248355388641, -0.08668248355388641, -0.08668248355388641, -0.08668248355388641, -0.08668248355388641, -0.08668248355388641, -0.08668248355388641, -0.08668248355388641, -0.08668248355388641, -0.08668248355388641, -0.08668248355388641, -0.08668248355388641, -0.08668248355388641, -0.08668248355388641, -0.08668248355388641, -0.08668248355388641, -0.08668248355388641, -0.08668248355388641, -0.08668248355388641, -0.08668248355388641, -0.08668248355388641, -0.08668248355388641, -0.08668248355388641, -0.08668248355388641, -0.08668248355388641, -0.08668248355388641, -0.08668248355388641, -0.08668248355388641, -0.08668248355388641, -0.08668248355388641, -0.08668248355388641, -0.08668248355388641, -0.08668248355388641, -0.08668248355388641, -0.08668248355388641, -0.08668248355388641, -0.08668248355388641, -0.08668248355388641, -0.08668248355388641, -0.08668248355388641, -0.08668248355388641, -0.08668248355388641, -0.08668248355388641, -0.08668248355388641, -0.08668248355388641, -0.08668248355388641, -0.08668248355388641, -0.08668248355388641, -0.08668248355388641, -0.08668248355388641, -0.08668248355388641, -0.08668248355388641, -0.08668248355388641, -0.08668248355388641, -0.08668248355388641, -0.08668248355388641]}, "gradients/lin2.bias": {"_type": "histogram", "values": [0.0, 0.0, 0.0, 0.0, 0.0, 0.0, 0.0, 0.0, 0.0, 0.0, 0.0, 0.0, 0.0, 0.0, 0.0, 0.0, 0.0, 0.0, 0.0, 0.0, 0.0, 0.0, 0.0, 0.0, 0.0, 0.0, 0.0, 0.0, 0.0, 0.0, 0.0, 0.0, 1.0, 0.0, 0.0, 0.0, 0.0, 0.0, 0.0, 0.0, 0.0, 0.0, 0.0, 0.0, 0.0, 0.0, 0.0, 0.0, 0.0, 0.0, 0.0, 0.0, 0.0, 0.0, 0.0, 0.0, 0.0, 0.0, 0.0, 0.0, 0.0, 0.0, 0.0, 0.0],