{"epoch": 890, "train_acc": 96.71428571428572, "test_acc": 96.33333333333334, "loss": 0.12275110930204391, "_timestamp": 1680559849.8292558, "_runtime": 408.95667481422424, "_step": 89, "parameters/lin1.weight": {"_type": "histogram", "values": [1.0, 1.0, 1.0, 1.0, 2.0, 2.0, 0.0, 0.0, 0.0, 0.0, 0.0, 0.0, 0.0, 0.0, 0.0, 0.0, 1.0, 0.0, 2.0, 3.0, 1.0, 0.0, 1.0, 1.0, 2.0, 6.0, 17.0, 33.0, 44.0, 32.0, 182.0, 187.0, 171.0, 91.0, 31.0, 35.0, 21.0, 6.0, 2.0, 4.0, 1.0, 1.0, 1.0, 3.0, 1.0, 1.0, 2.0, 0.0, 0.0, 0.0, 0.0, 0.0, 0.0, 0.0, 0.0, 0.0, 0.0, 2.0, 2.0, 3.0, 0.0, 0.0, 1.0, 1.0], "bins": [-3.403829336166382, -3.2965221405029297, -3.1892151832580566, -3.0819079875946045, -2.9746010303497314, -2.8672938346862793, -2.759986639022827, -2.652679681777954, -2.545372486114502, -2.43806529045105, -2.3307583332061768, -2.2234511375427246, -2.1161441802978516, -2.0088369846343994, -1.9015299081802368, -1.7942228317260742, -1.6869157552719116, -1.579608678817749, -1.4723016023635864, -1.3649944067001343, -1.2576873302459717, -1.150380253791809, -1.0430731773376465, -0.9357660412788391, -0.8284589648246765, -0.7211518883705139, -0.6138447523117065, -0.506537675857544, -0.39923056960105896, -0.291923463344574, -0.18461637198925018, -0.0773092731833458, 0.029997825622558594, 0.13730493187904358, 0.24461202323436737, 0.35191911458969116, 0.45922622084617615, 0.5665333271026611, 0.6738404035568237, 0.7811475396156311, 0.8884546160697937, 0.9957616925239563, 1.1030688285827637, 1.2103759050369263, 1.3176829814910889, 1.4249900579452515, 1.5322972536087036, 1.6396043300628662, 1.7469114065170288, 1.8542184829711914, 1.961525559425354, 2.0688326358795166, 2.1761398315429688, 2.283446788787842, 2.390753984451294, 2.498061180114746, 2.605368137359619, 2.7126753330230713, 2.8199822902679443, 2.9272894859313965, 3.0345964431762695, 3.1419036388397217, 3.249210834503174, 3.356517791748047, 3.463824987411499]}, "parameters/lin1.bias": {"_type": "histogram", "values": [1.0, 0.0, 0.0, 0.0, 0.0, 0.0, 1.0, 2.0, 1.0, 1.0, 1.0, 0.0, 0.0, 0.0, 0.0, 0.0, 0.0, 0.0, 2.0, 0.0, 0.0, 1.0, 1.0, 3.0, 2.0, 0.0, 0.0, 0.0, 2.0, 0.0, 0.0, 0.0, 1.0, 0.0, 1.0, 1.0, 0.0, 0.0, 0.0, 1.0, 0.0, 0.0, 0.0, 0.0, 0.0, 0.0, 0.0, 1.0, 2.0, 0.0, 0.0, 0.0, 0.0, 0.0, 0.0, 1.0, 0.0, 1.0, 1.0, 0.0, 1.0, 0.0, 0.0, 1.0], "bins": [-0.524902880191803, -0.5084482431411743, -0.49199360609054565, -0.475538969039917, -0.45908433198928833, -0.44262969493865967, -0.426175057888031, -0.40972042083740234, -0.3932657837867737, -0.376811146736145, -0.36035650968551636, -0.3439018726348877, -0.32744723558425903, -0.31099259853363037, -0.2945379614830017, -0.27808332443237305, -0.2616286873817444, -0.24517405033111572, -0.22871941328048706, -0.2122647762298584, -0.19581013917922974, -0.17935550212860107, -0.1629008650779724, -0.14644622802734375, -0.1299915909767151, -0.11353695392608643, -0.09708231687545776, -0.0806276798248291, -0.06417304277420044, -0.04771840572357178, -0.031263768672943115, -0.014809131622314453, 0.0016454458236694336, 0.018100082874298096, 0.03455471992492676, 0.05100935697555542, 0.06746399402618408, 0.08391863107681274, 0.1003732681274414, 0.11682790517807007, 0.13328254222869873, 0.1497371792793274, 0.16619181632995605, 0.18264645338058472, 0.19910109043121338, 0.21555572748184204, 0.2320103645324707, 0.24846500158309937, 0.264919638633728, 0.2813742756843567, 0.29782891273498535, 0.314283549785614, 0.3307381868362427, 0.34719282388687134, 0.3636474609375, 0.38010209798812866, 0.3965567350387573, 0.413011372089386, 0.42946600914001465, 0.4459206461906433, 0.462375283241272, 0.47882992029190063, 0.4952845573425293, 0.511739194393158, 0.5281938314437866]}, "parameters/lin2.weight": {"_type": "histogram", "values": [1.0, 0.0, 0.0, 1.0, 0.0, 0.0, 0.0, 1.0, 0.0, 0.0, 1.0, 0.0, 0.0, 0.0, 0.0, 0.0, 0.0, 0.0, 0.0, 1.0, 0.0, 1.0, 4.0, 2.0, 3.0, 2.0, 3.0, 0.0, 0.0, 3.0, 2.0, 0.0, 0.0, 1.0, 0.0, 0.0, 0.0, 0.0, 1.0, 1.0, 0.0, 0.0, 1.0, 0.0, 0.0, 0.0, 0.0, 0.0, 0.0, 0.0, 0.0, 0.0, 0.0, 0.0, 0.0, 0.0, 0.0, 0.0, 0.0, 0.0, 0.0, 0.0, 0.0, 1.0], "bins": [-1.2673618793487549, -1.2186163663864136, -1.1698707342147827, -1.1211252212524414, -1.0723795890808105, -1.0236340761184692, -0.9748885631561279, -0.9261429905891418, -0.8773974180221558, -0.8286518454551697, -0.7799062728881836, -0.7311607599258423, -0.6824151873588562, -0.6336696147918701, -0.5849241018295288, -0.5361785292625427, -0.48743295669555664, -0.43868738412857056, -0.38994184136390686, -0.34119629859924316, -0.2924507260322571, -0.2437051683664322, -0.1949596107006073, -0.1462140530347824, -0.09746849536895752, -0.04872293770313263, 2.2619962692260742e-05, 0.04876817762851715, 0.09751373529434204, 0.14625929296016693, 0.19500485062599182, 0.2437504082918167, 0.29249584674835205, 0.34124141931533813, 0.38998696208000183, 0.4387325048446655, 0.4874780774116516, 0.5362236499786377, 0.584969162940979, 0.6337147355079651, 0.6824603080749512, 0.7312058806419373, 0.7799514532089233, 0.8286969661712646, 0.8774425387382507, 0.9261881113052368, 0.9749336242675781, 1.023679256439209, 1.0724247694015503, 1.1211702823638916, 1.1699159145355225, 1.2186614274978638, 1.267406940460205, 1.316152572631836, 1.3648980855941772, 1.413643717765808, 1.4623892307281494, 1.5111347436904907, 1.5598803758621216, 1.608625888824463, 1.6573715209960938, 1.706117033958435, 1.7548625469207764, 1.8036081790924072, 1.8523536920547485]}, "parameters/lin2.bias": {"_type": "histogram", "values": [0.0, 0.0, 0.0, 0.0, 0.0, 0.0, 0.0, 0.0, 0.0, 0.0, 0.0, 0.0, 0.0, 0.0, 0.0, 0.0, 0.0, 0.0, 0.0, 0.0, 0.0, 0.0, 0.0, 0.0, 0.0, 0.0, 0.0, 0.0, 0.0, 0.0, 0.0, 0.0, 1.0, 0.0, 0.0, 0.0, 0.0, 0.0, 0.0, 0.0, 0.0, 0.0, 0.0, 0.0, 0.0, 0.0, 0.0, 0.0, 0.0, 0.0, 0.0, 0.0, 0.0, 0.0, 0.0, 0.0, 0.0, 0.0, 0.0, 0.0, 0.0, 0.0, 0.0, 0.0], "bins": [-0.5372564792633057, -0.5372564792633057, -0.5372564792633057, -0.5372564792633057, -0.5372564792633057, -0.5372564792633057, -0.5372564792633057, -0.5372564792633057, -0.5372564792633057, -0.5372564792633057, -0.5372564792633057, -0.5372564792633057, -0.5372564792633057, -0.5372564792633057, -0.5372564792633057, -0.5372564792633057, -0.5372564792633057, -0.5372564792633057, -0.5372564792633057, -0.5372564792633057, -0.5372564792633057, -0.5372564792633057, -0.5372564792633057, -0.5372564792633057, -0.5372564792633057, -0.5372564792633057, -0.5372564792633057, -0.5372564792633057, -0.5372564792633057, -0.5372564792633057, -0.5372564792633057, -0.5372564792633057, -0.5372564792633057, -0.5372564792633057, -0.5372564792633057, -0.5372564792633057, -0.5372564792633057, -0.5372564792633057, -0.5372564792633057, -0.5372564792633057, -0.5372564792633057, -0.5372564792633057, -0.5372564792633057, -0.5372564792633057, -0.5372564792633057, -0.5372564792633057, -0.5372564792633057, -0.5372564792633057, -0.5372564792633057, -0.5372564792633057, -0.5372564792633057, -0.5372564792633057, -0.5372564792633057, -0.5372564792633057, -0.5372564792633057, -0.5372564792633057, -0.5372564792633057, -0.5372564792633057, -0.5372564792633057, -0.5372564792633057, -0.5372564792633057, -0.5372564792633057, -0.5372564792633057, -0.5372564792633057, -0.5372564792633057]}, "gradients/lin2.bias": {"_type": "histogram", "values": [0.0, 0.0, 0.0, 0.0, 0.0, 0.0, 0.0, 0.0, 0.0, 0.0, 0.0, 0.0, 0.0, 0.0, 0.0, 0.0, 0.0, 0.0, 0.0, 0.0, 0.0, 0.0, 0.0, 0.0, 0.0, 0.0, 0.0, 0.0, 0.0, 0.0, 0.0, 0.0, 1.0, 0.0, 0.0, 0.0, 0.0, 0.0, 0.0, 0.0, 0.0, 0.0, 0.0, 0.0, 0.0, 0.0, 0.0, 0.0, 0.0, 0.0, 0.0, 0.0, 0.0, 0.0, 0.0, 0.0, 0.0, 0.0, 0.0, 0.0, 0.0, 0.0, 0.0, 0.0],