{"epoch": 10, "train_acc": 80.57142857142857, "test_acc": 76.66666666666667, "loss": 0.42240703105926514, "_timestamp": 1680558425.498276, "_runtime": 8.47133994102478, "_step": 1, "_wandb": {"runtime": 8}}